epoch,train_loss,train_acc,val_loss,val_acc,lr
1,3.43897112383546,0.25806735947677856,2.231959762443546,0.5255701940784814,0.00018183204651480767
